demo_path,demo_name,label,label_name,tick,round,killer_name,killer_steamid64,victim_name,victim_steamid64,weapon,is_headshot,through_smoke,penetrated_objects,kill_distance,window_ticks,pct_victim_spotted,angular_offset_at_kill_deg,min_hidden_angular_offset_deg,max_hidden_angular_offset_deg,hidden_tracking_slope_deg_per_tick,victim_audible_footsteps,victim_audible_weapon_fire,victim_audible_jumps,ticks_since_last_victim_sound,killer_avg_speed_units_per_tick,killer_scoped_at_kill
F:\demoparser\demoinfocs-golang\test\cs-demos\match730_003767086549414445346_0747667044_392.dem,match730_003767086549414445346_0747667044_392.dem,-1,unknown,3327,1,StarvinMonkey,76561197962044745,#FreeLee,76561198264607853,Glock-18,true,false,0,21.210693,202,0.138614,0.4709,1.1396,20.4968,-0.074937,0,0,0,-1,3.5790,false
F:\demoparser\demoinfocs-golang\test\cs-demos\match730_003767086549414445346_0747667044_392.dem,match730_003767086549414445346_0747667044_392.dem,-1,unknown,3566,1,Zax,76561198148904733,Nibuz,76561199441630373,Glock-18,true,true,0,21.033426,202,0.000000,0.5588,0.5588,48.3591,-0.289274,0,3,0,7,3.8776,false
F:\demoparser\demoinfocs-golang\test\cs-demos\match730_003767086549414445346_0747667044_392.dem,match730_003767086549414445346_0747667044_392.dem,-1,unknown,3635,1,ZzZAkount,76561199087862438,Tora,76561198074972187,USP-S,false,false,0,6.441441,202,0.212871,4.8784,2.1041,9.0711,0.007385,1,4,1,6,2.1136,false
F:\demoparser\demoinfocs-golang\test\cs-demos\match730_003767086549414445346_0747667044_392.dem,match730_003767086549414445346_0747667044_392.dem,-1,unknown,3776,1,jamba,76561198149037466,ZzZAkount,76561199087862438,Glock-18,true,false,0,6.767273,202,0.237624,0.5918,2.3816,37.3480,-0.062129,0,11,0,28,3.1180,false
F:\demoparser\demoinfocs-golang\test\cs-demos\match730_003767086549414445346_0747667044_392.dem,match730_003767086549414445346_0747667044_392.dem,-1,unknown,4092,1,drank was here lol,76561199124208816,Zax,76561198148904733,USP-S,true,false,0,13.395865,202,0.356436,0.8342,1.6254,11.6601,-0.042218,0,0,0,-1,1.6928,false
F:\demoparser\demoinfocs-golang\test\cs-demos\match730_003767086549414445346_0747667044_392.dem,match730_003767086549414445346_0747667044_392.dem,-1,unknown,4174,1,FallenAngel,76561199480229355,Shouta,76561198084958646,USP-S,true,false,0,12.630482,202,0.410891,3.1994,5.2134,171.2890,-1.876737,0,5,0,11,2.3012,false
F:\demoparser\demoinfocs-golang\test\cs-demos\match730_003767086549414445346_0747667044_392.dem,match730_003767086549414445346_0747667044_392.dem,-1,unknown,4609,1,StarvinMonkey,76561197962044745,drank was here lol,76561199124208816,USP-S,true,true,0,25.799917,202,0.000000,0.4086,0.1509,11.5992,-0.065782,0,3,0,12,2.1157,false
F:\demoparser\demoinfocs-golang\test\cs-demos\match730_003767086549414445346_0747667044_392.dem,match730_003767086549414445346_0747667044_392.dem,-1,unknown,5276,1,jamba,76561198149037466,FallenAngel,76561199480229355,Glock-18,true,false,0,15.571395,202,0.000000,2.4518,0.6719,23.8630,-0.091361,0,4,0,13,2.2979,false
F:\demoparser\demoinfocs-golang\test\cs-demos\match730_003767086549414445346_0747667044_392.dem,match730_003767086549414445346_0747667044_392.dem,-1,unknown,8104,2,Tora,76561198074972187,ZzZAkount,76561199087862438,MAC-10,false,false,0,9.324389,202,0.366337,7.2788,0.7934,8.9163,0.013475,0,3,0,1,3.2479,false
F:\demoparser\demoinfocs-golang\test\cs-demos\match730_003767086549414445346_0747667044_392.dem,match730_003767086549414445346_0747667044_392.dem,-1,unknown,8461,2,jamba,76561198149037466,drank was here lol,76561199124208816,Galil AR,false,false,0,3.159528,202,0.000000,10.1823,0.0917,127.3202,-0.672754,0,1,0,17,2.5126,false
F:\demoparser\demoinfocs-golang\test\cs-demos\match730_003767086549414445346_0747667044_392.dem,match730_003767086549414445346_0747667044_392.dem,-1,unknown,8638,2,Nibuz,76561199441630373,StarvinMonkey,76561197962044745,USP-S,false,false,0,15.721646,202,0.222772,2.0914,0.4287,9.1423,-0.008218,0,0,0,-1,1.2948,false
F:\demoparser\demoinfocs-golang\test\cs-demos\match730_003767086549414445346_0747667044_392.dem,match730_003767086549414445346_0747667044_392.dem,-1,unknown,9807,2,FallenAngel,76561199480229355,jamba,76561198149037466,Desert Eagle,false,false,0,27.034618,202,0.321782,0.1811,4.2262,16.8356,-0.088095,0,3,0,31,0.7791,false
F:\demoparser\demoinfocs-golang\test\cs-demos\match730_003767086549414445346_0747667044_392.dem,match730_003767086549414445346_0747667044_392.dem,-1,unknown,9886,2,#FreeLee,76561198264607853,Shouta,76561198084958646,Desert Eagle,true,false,0,15.862723,202,0.019802,0.5722,0.2055,20.6964,0.000807,0,4,0,10,1.9153,false
F:\demoparser\demoinfocs-golang\test\cs-demos\match730_003767086549414445346_0747667044_392.dem,match730_003767086549414445346_0747667044_392.dem,-1,unknown,10241,2,#FreeLee,76561198264607853,Zax,76561198148904733,Desert Eagle,false,false,0,22.182766,202,0.336634,1.4793,0.6290,8.8371,0.009430,0,27,0,2,1.5646,false
F:\demoparser\demoinfocs-golang\test\cs-demos\match730_003767086549414445346_0747667044_392.dem,match730_003767086549414445346_0747667044_392.dem,-1,unknown,10417,2,Nibuz,76561199441630373,Tora,76561198074972187,USP-S,true,false,0,18.197119,202,0.212871,1.3870,1.5218,26.5152,-0.127891,0,0,0,-1,3.4020,false
F:\demoparser\demoinfocs-golang\test\cs-demos\match730_003767086549414445346_0747667044_392.dem,match730_003767086549414445346_0747667044_392.dem,-1,unknown,13912,3,drank was here lol,76561199124208816,Tora,76561198074972187,Zeus x27,false,false,0,3.077145,202,0.000000,8.9272,4.5693,72.3463,-0.287574,0,0,0,-1,1.3298,false
F:\demoparser\demoinfocs-golang\test\cs-demos\match730_003767086549414445346_0747667044_392.dem,match730_003767086549414445346_0747667044_392.dem,-1,unknown,14036,3,jamba,76561198149037466,ZzZAkount,76561199087862438,Galil AR,false,false,0,7.085448,202,0.202970,7.1954,4.1858,84.3819,-0.350440,0,5,0,4,2.0950,false
F:\demoparser\demoinfocs-golang\test\cs-demos\match730_003767086549414445346_0747667044_392.dem,match730_003767086549414445346_0747667044_392.dem,-1,unknown,14864,3,jamba,76561198149037466,Nibuz,76561199441630373,M4A1,false,false,0,8.226947,202,0.000000,4.7447,1.9045,172.8486,-0.733241,0,15,0,5,1.4562,false
F:\demoparser\demoinfocs-golang\test\cs-demos\match730_003767086549414445346_0747667044_392.dem,match730_003767086549414445346_0747667044_392.dem,-1,unknown,15057,3,drank was here lol,76561199124208816,Zax,76561198148904733,R8 Revolver,false,false,1,6.056259,202,0.361386,7.1822,0.2178,13.4994,0.003512,0,2,0,24,1.6830,false
F:\demoparser\demoinfocs-golang\test\cs-demos\match730_003767086549414445346_0747667044_392.dem,match730_003767086549414445346_0747667044_392.dem,-1,unknown,15284,3,jamba,76561198149037466,drank was here lol,76561199124208816,M4A1,false,false,0,7.217434,202,0.000000,3.4498,2.9385,34.8362,-0.091946,0,0,0,-1,2.3682,false
F:\demoparser\demoinfocs-golang\test\cs-demos\match730_003767086549414445346_0747667044_392.dem,match730_003767086549414445346_0747667044_392.dem,-1,unknown,15643,3,#FreeLee,76561198264607853,Shouta,76561198084958646,M4A1,false,false,0,11.851831,202,0.292079,2.3220,14.0073,35.8442,-0.067627,0,0,0,-1,1.7065,false
F:\demoparser\demoinfocs-golang\test\cs-demos\match730_003767086549414445346_0747667044_392.dem,match730_003767086549414445346_0747667044_392.dem,-1,unknown,15828,3,#FreeLee,76561198264607853,StarvinMonkey,76561197962044745,M4A1,false,false,0,9.608210,202,0.000000,1.6253,1.6253,57.0637,-0.179751,0,0,0,-1,3.2491,false
F:\demoparser\demoinfocs-golang\test\cs-demos\match730_003767086549414445346_0747667044_392.dem,match730_003767086549414445346_0747667044_392.dem,-1,unknown,15995,3,#FreeLee,76561198264607853,jamba,76561198149037466,M4A1,true,false,0,7.589473,202,0.074257,1.9710,2.1092,30.5229,-0.103528,0,1,0,6,3.1977,false
F:\demoparser\demoinfocs-golang\test\cs-demos\match730_003767086549414445346_0747667044_392.dem,match730_003767086549414445346_0747667044_392.dem,-1,unknown,18640,4,#FreeLee,76561198264607853,jamba,76561198149037466,M4A1,false,false,0,16.104755,202,0.292079,4.2347,2.2011,20.0805,-0.092525,0,0,0,-1,2.3018,false
F:\demoparser\demoinfocs-golang\test\cs-demos\match730_003767086549414445346_0747667044_392.dem,match730_003767086549414445346_0747667044_392.dem,-1,unknown,18718,4,Shouta,76561198084958646,#FreeLee,76561198264607853,AK-47,true,false,0,25.276285,202,0.688119,1.2747,0.4747,2.6548,0.004579,0,14,0,3,1.3386,false
F:\demoparser\demoinfocs-golang\test\cs-demos\match730_003767086549414445346_0747667044_392.dem,match730_003767086549414445346_0747667044_392.dem,-1,unknown,20533,4,ZzZAkount,76561199087862438,Tora,76561198074972187,AK-47,true,false,0,36.390236,202,0.000000,0.2179,0.1289,4.6567,-0.004196,0,0,0,-1,1.7294,false
F:\demoparser\demoinfocs-golang\test\cs-demos\match730_003767086549414445346_0747667044_392.dem,match730_003767086549414445346_0747667044_392.dem,-1,unknown,20566,4,Nibuz,76561199441630373,StarvinMonkey,76561197962044745,M4A1,false,false,0,18.069935,202,0.000000,3.1257,1.0095,31.4557,-0.056880,0,0,0,-1,0.9684,false
F:\demoparser\demoinfocs-golang\test\cs-demos\match730_003767086549414445346_0747667044_392.dem,match730_003767086549414445346_0747667044_392.dem,-1,unknown,20697,4,drank was here lol,76561199124208816,Shouta,76561198084958646,R8 Revolver,true,false,0,9.402189,202,0.000000,0.3779,0.0907,9.1258,-0.020663,0,0,0,-1,0.1491,false
F:\demoparser\demoinfocs-golang\test\cs-demos\match730_003767086549414445346_0747667044_392.dem,match730_003767086549414445346_0747667044_392.dem,-1,unknown,20885,4,FallenAngel,76561199480229355,Zax,76561198148904733,M4A1,false,false,0,35.031555,202,0.262376,1.1531,1.8761,86.3502,-0.586268,0,0,0,-1,3.4038,false
F:\demoparser\demoinfocs-golang\test\cs-demos\match730_003767086549414445346_0747667044_392.dem,match730_003767086549414445346_0747667044_392.dem,-1,unknown,24274,5,Nibuz,76561199441630373,Zax,76561198148904733,M4A1,false,true,0,11.435819,202,0.000000,2.3119,1.7189,16.7544,-0.044632,0,0,0,-1,1.7635,false
F:\demoparser\demoinfocs-golang\test\cs-demos\match730_003767086549414445346_0747667044_392.dem,match730_003767086549414445346_0747667044_392.dem,-1,unknown,24430,5,Nibuz,76561199441630373,Shouta,76561198084958646,M4A1,false,false,0,16.343700,202,0.000000,3.7283,1.6403,32.4939,-0.151254,0,5,0,1,0.6512,false
F:\demoparser\demoinfocs-golang\test\cs-demos\match730_003767086549414445346_0747667044_392.dem,match730_003767086549414445346_0747667044_392.dem,-1,unknown,24626,5,Nibuz,76561199441630373,Tora,76561198074972187,M4A1,false,true,0,18.648108,202,0.133663,4.1019,1.3739,22.0596,-0.091015,0,5,0,7,0.6291,false
F:\demoparser\demoinfocs-golang\test\cs-demos\match730_003767086549414445346_0747667044_392.dem,match730_003767086549414445346_0747667044_392.dem,-1,unknown,25552,5,#FreeLee,76561198264607853,StarvinMonkey,76561197962044745,AK-47,false,false,0,7.608301,202,0.000000,5.7490,1.0766,29.6271,-0.004743,0,0,0,-1,2.8558,false
F:\demoparser\demoinfocs-golang\test\cs-demos\match730_003767086549414445346_0747667044_392.dem,match730_003767086549414445346_0747667044_392.dem,-1,unknown,25636,5,drank was here lol,76561199124208816,jamba,76561198149037466,R8 Revolver,false,false,0,14.216444,202,1.000000,1.7053,-1.0000,-1.0000,0.000000,0,1,0,180,1.1666,false
F:\demoparser\demoinfocs-golang\test\cs-demos\match730_003767086549414445346_0747667044_392.dem,match730_003767086549414445346_0747667044_392.dem,-1,unknown,28518,6,jamba,76561198149037466,drank was here lol,76561199124208816,AK-47,false,false,0,18.884268,202,0.336634,10.7074,1.7697,10.7074,0.035996,0,0,0,-1,1.1457,false
F:\demoparser\demoinfocs-golang\test\cs-demos\match730_003767086549414445346_0747667044_392.dem,match730_003767086549414445346_0747667044_392.dem,-1,unknown,29355,6,#FreeLee,76561198264607853,StarvinMonkey,76561197962044745,AK-47,false,false,0,21.582981,202,0.524752,4.1273,0.7434,6.4309,-0.050899,0,1,0,152,1.6550,false
F:\demoparser\demoinfocs-golang\test\cs-demos\match730_003767086549414445346_0747667044_392.dem,match730_003767086549414445346_0747667044_392.dem,-1,unknown,29683,6,#FreeLee,76561198264607853,Zax,76561198148904733,AK-47,false,false,0,21.396673,202,0.009901,3.0110,0.9009,13.7660,-0.052877,0,3,0,4,1.4795,false
F:\demoparser\demoinfocs-golang\test\cs-demos\match730_003767086549414445346_0747667044_392.dem,match730_003767086549414445346_0747667044_392.dem,-1,unknown,29847,6,#FreeLee,76561198264607853,jamba,76561198149037466,AK-47,false,false,0,30.213392,202,0.000000,3.3269,0.9180,14.1618,-0.062101,0,2,0,3,0.3377,false
F:\demoparser\demoinfocs-golang\test\cs-demos\match730_003767086549414445346_0747667044_392.dem,match730_003767086549414445346_0747667044_392.dem,-1,unknown,30032,6,Nibuz,76561199441630373,Tora,76561198074972187,AK-47,false,true,0,15.305927,202,0.103960,2.7533,0.1985,20.5937,-0.097514,0,1,0,4,1.0914,false
F:\demoparser\demoinfocs-golang\test\cs-demos\match730_003767086549414445346_0747667044_392.dem,match730_003767086549414445346_0747667044_392.dem,-1,unknown,30187,6,#FreeLee,76561198264607853,Shouta,76561198084958646,AK-47,false,false,0,16.887089,202,0.054455,1.7348,0.7959,24.1205,-0.069762,0,1,0,4,2.3686,false
F:\demoparser\demoinfocs-golang\test\cs-demos\match730_003767086549414445346_0747667044_392.dem,match730_003767086549414445346_0747667044_392.dem,-1,unknown,33224,7,#FreeLee,76561198264607853,Shouta,76561198084958646,AK-47,false,false,0,7.448365,202,0.084158,7.9702,3.7049,141.6679,-0.931487,0,5,0,2,2.0417,false
F:\demoparser\demoinfocs-golang\test\cs-demos\match730_003767086549414445346_0747667044_392.dem,match730_003767086549414445346_0747667044_392.dem,-1,unknown,33364,7,#FreeLee,76561198264607853,StarvinMonkey,76561197962044745,AK-47,true,false,0,6.321535,202,0.000000,2.4928,1.2911,30.3863,-0.115146,0,0,0,-1,1.4130,false
F:\demoparser\demoinfocs-golang\test\cs-demos\match730_003767086549414445346_0747667044_392.dem,match730_003767086549414445346_0747667044_392.dem,-1,unknown,33384,7,#FreeLee,76561198264607853,Zax,76561198148904733,AK-47,false,false,0,7.698021,202,0.059406,6.4343,1.0184,31.3482,-0.141500,0,2,0,5,1.3117,false
F:\demoparser\demoinfocs-golang\test\cs-demos\match730_003767086549414445346_0747667044_392.dem,match730_003767086549414445346_0747667044_392.dem,-1,unknown,33468,7,#FreeLee,76561198264607853,Tora,76561198074972187,AK-47,false,false,0,11.595677,202,0.138614,7.5930,0.0599,26.8964,-0.097508,0,1,0,10,1.3658,false
F:\demoparser\demoinfocs-golang\test\cs-demos\match730_003767086549414445346_0747667044_392.dem,match730_003767086549414445346_0747667044_392.dem,-1,unknown,34849,7,Nibuz,76561199441630373,jamba,76561198149037466,AK-47,false,false,0,19.848175,202,0.455446,2.5515,5.1499,138.9054,-1.339117,0,9,0,1,2.4228,false
F:\demoparser\demoinfocs-golang\test\cs-demos\match730_003767086549414445346_0747667044_392.dem,match730_003767086549414445346_0747667044_392.dem,-1,unknown,37686,8,Tora,76561198074972187,FallenAngel,76561199480229355,AK-47,false,false,0,26.425293,202,0.064356,1.0646,4.6540,44.9543,-0.288890,0,9,0,1,2.0394,false
F:\demoparser\demoinfocs-golang\test\cs-demos\match730_003767086549414445346_0747667044_392.dem,match730_003767086549414445346_0747667044_392.dem,-1,unknown,37760,8,StarvinMonkey,76561197962044745,drank was here lol,76561199124208816,AK-47,true,false,0,5.315589,202,0.103960,7.4149,3.1688,20.8824,0.059786,2,0,1,4,2.7956,false
F:\demoparser\demoinfocs-golang\test\cs-demos\match730_003767086549414445346_0747667044_392.dem,match730_003767086549414445346_0747667044_392.dem,-1,unknown,37900,8,Tora,76561198074972187,Nibuz,76561199441630373,AK-47,false,false,0,9.631271,202,0.143564,7.8775,2.2256,106.7057,-0.420389,0,6,0,4,2.6891,false
F:\demoparser\demoinfocs-golang\test\cs-demos\match730_003767086549414445346_0747667044_392.dem,match730_003767086549414445346_0747667044_392.dem,-1,unknown,38893,8,Zax,76561198148904733,ZzZAkount,76561199087862438,AK-47,false,false,0,8.599417,202,0.158416,4.7612,16.6929,32.5526,0.074808,0,6,0,69,3.0778,false
F:\demoparser\demoinfocs-golang\test\cs-demos\match730_003767086549414445346_0747667044_392.dem,match730_003767086549414445346_0747667044_392.dem,-1,unknown,39714,8,#FreeLee,76561198264607853,Zax,76561198148904733,AK-47,false,false,0,11.484123,202,0.311881,8.2870,6.4051,67.1620,0.019771,0,8,0,3,3.1228,false
F:\demoparser\demoinfocs-golang\test\cs-demos\match730_003767086549414445346_0747667044_392.dem,match730_003767086549414445346_0747667044_392.dem,-1,unknown,40822,8,Tora,76561198074972187,#FreeLee,76561198264607853,AK-47,false,false,1,19.531294,202,0.000000,2.6687,0.2096,66.1797,-0.212891,0,14,0,6,2.6320,false
F:\demoparser\demoinfocs-golang\test\cs-demos\match730_003767086549414445346_0747667044_392.dem,match730_003767086549414445346_0747667044_392.dem,-1,unknown,43619,9,jamba,76561198149037466,#FreeLee,76561198264607853,AK-47,false,false,0,18.034473,202,0.217822,4.0108,0.6513,15.1526,-0.070669,0,0,0,-1,1.4007,false
F:\demoparser\demoinfocs-golang\test\cs-demos\match730_003767086549414445346_0747667044_392.dem,match730_003767086549414445346_0747667044_392.dem,-1,unknown,43925,9,Zax,76561198148904733,drank was here lol,76561199124208816,AK-47,false,false,0,2.970156,202,0.400990,13.0438,2.0245,75.8780,0.032113,0,1,0,66,2.1949,false
F:\demoparser\demoinfocs-golang\test\cs-demos\match730_003767086549414445346_0747667044_392.dem,match730_003767086549414445346_0747667044_392.dem,-1,unknown,45246,9,ZzZAkount,76561199087862438,Zax,76561198148904733,M4A1,false,false,0,18.839819,202,0.242574,4.4757,14.1969,23.0302,-0.058941,0,0,0,-1,1.7573,false
F:\demoparser\demoinfocs-golang\test\cs-demos\match730_003767086549414445346_0747667044_392.dem,match730_003767086549414445346_0747667044_392.dem,-1,unknown,45606,9,jamba,76561198149037466,FallenAngel,76561199480229355,AK-47,false,false,0,2.229423,202,0.000000,7.6230,6.5665,70.8570,-0.175527,0,0,0,-1,2.7229,false
F:\demoparser\demoinfocs-golang\test\cs-demos\match730_003767086549414445346_0747667044_392.dem,match730_003767086549414445346_0747667044_392.dem,-1,unknown,46251,9,Tora,76561198074972187,ZzZAkount,76561199087862438,AK-47,false,false,0,11.053073,203,0.344828,2.5031,3.7942,27.3694,0.010074,0,5,0,4,2.6465,false
F:\demoparser\demoinfocs-golang\test\cs-demos\match730_003767086549414445346_0747667044_392.dem,match730_003767086549414445346_0747667044_392.dem,-1,unknown,46357,9,Nibuz,76561199441630373,jamba,76561198149037466,AWP,false,false,0,11.741804,202,0.024752,1.5849,0.8091,23.6887,-0.121315,0,0,0,-1,0.3000,true
F:\demoparser\demoinfocs-golang\test\cs-demos\match730_003767086549414445346_0747667044_392.dem,match730_003767086549414445346_0747667044_392.dem,-1,unknown,46502,9,Nibuz,76561199441630373,Shouta,76561198084958646,AWP,true,false,0,7.856483,202,0.257426,5.7412,3.4550,36.7102,-0.235149,0,0,0,-1,0.6451,true
F:\demoparser\demoinfocs-golang\test\cs-demos\match730_003767086549414445346_0747667044_392.dem,match730_003767086549414445346_0747667044_392.dem,-1,unknown,46624,9,Nibuz,76561199441630373,StarvinMonkey,76561197962044745,AWP,false,false,0,15.243362,202,0.044554,1.3848,1.4880,41.7916,-0.270879,0,6,0,21,0.2783,true
F:\demoparser\demoinfocs-golang\test\cs-demos\match730_003767086549414445346_0747667044_392.dem,match730_003767086549414445346_0747667044_392.dem,-1,unknown,46811,9,Tora,76561198074972187,Nibuz,76561199441630373,AK-47,true,false,0,8.238625,202,0.000000,1.3023,0.4795,9.4570,-0.029590,0,1,0,187,1.7962,false
F:\demoparser\demoinfocs-golang\test\cs-demos\match730_003767086549414445346_0747667044_392.dem,match730_003767086549414445346_0747667044_392.dem,-1,unknown,49629,10,drank was here lol,76561199124208816,jamba,76561198149037466,Zeus x27,false,false,0,1.891373,202,0.000000,13.9643,4.4151,40.2681,0.034280,0,1,0,142,3.0116,false
F:\demoparser\demoinfocs-golang\test\cs-demos\match730_003767086549414445346_0747667044_392.dem,match730_003767086549414445346_0747667044_392.dem,-1,unknown,49984,10,#FreeLee,76561198264607853,Shouta,76561198084958646,M4A4,true,false,0,26.944855,203,0.000000,1.5588,0.7209,15.3570,-0.012025,0,3,0,2,2.0029,false
F:\demoparser\demoinfocs-golang\test\cs-demos\match730_003767086549414445346_0747667044_392.dem,match730_003767086549414445346_0747667044_392.dem,-1,unknown,50275,10,Nibuz,76561199441630373,StarvinMonkey,76561197962044745,M4A1,false,false,0,33.903938,202,0.000000,1.9308,0.6978,9.0194,-0.048238,0,3,0,57,0.6083,false
F:\demoparser\demoinfocs-golang\test\cs-demos\match730_003767086549414445346_0747667044_392.dem,match730_003767086549414445346_0747667044_392.dem,-1,unknown,50521,10,ZzZAkount,76561199087862438,Tora,76561198074972187,M4A1,false,false,0,8.901175,202,0.158416,2.5557,0.3333,6.4229,-0.019984,0,4,0,7,3.1412,false
F:\demoparser\demoinfocs-golang\test\cs-demos\match730_003767086549414445346_0747667044_392.dem,match730_003767086549414445346_0747667044_392.dem,-1,unknown,50943,10,Zax,76561198148904733,drank was here lol,76561199124208816,AK-47,true,false,0,4.279258,202,0.000000,6.1453,4.0204,65.6917,0.036391,0,1,0,32,1.6959,false
F:\demoparser\demoinfocs-golang\test\cs-demos\match730_003767086549414445346_0747667044_392.dem,match730_003767086549414445346_0747667044_392.dem,-1,unknown,51340,10,#FreeLee,76561198264607853,Zax,76561198148904733,M4A4,false,false,0,11.917387,202,0.108911,0.6868,0.6328,18.5794,-0.088766,0,0,0,-1,1.8483,false
F:\demoparser\demoinfocs-golang\test\cs-demos\match730_003767086549414445346_0747667044_392.dem,match730_003767086549414445346_0747667044_392.dem,-1,unknown,54543,11,Nibuz,76561199441630373,Tora,76561198074972187,AK-47,true,false,0,11.955177,202,0.089109,0.5968,2.1386,15.4209,-0.054014,0,0,0,-1,0.8671,false
F:\demoparser\demoinfocs-golang\test\cs-demos\match730_003767086549414445346_0747667044_392.dem,match730_003767086549414445346_0747667044_392.dem,-1,unknown,54646,11,Nibuz,76561199441630373,jamba,76561198149037466,AK-47,false,false,0,7.981072,202,0.099010,4.9443,2.0180,27.8590,-0.115014,0,4,0,1,1.1471,false
F:\demoparser\demoinfocs-golang\test\cs-demos\match730_003767086549414445346_0747667044_392.dem,match730_003767086549414445346_0747667044_392.dem,-1,unknown,54734,11,drank was here lol,76561199124208816,StarvinMonkey,76561197962044745,Zeus x27,false,false,0,2.376288,202,0.049505,5.2641,5.3778,179.6078,-0.911172,0,0,0,-1,1.6304,false
F:\demoparser\demoinfocs-golang\test\cs-demos\match730_003767086549414445346_0747667044_392.dem,match730_003767086549414445346_0747667044_392.dem,-1,unknown,54929,11,Zax,76561198148904733,FallenAngel,76561199480229355,MAC-10,true,false,0,14.184681,202,0.396040,5.1435,6.2037,21.3995,-0.063995,0,2,0,35,1.7363,false
F:\demoparser\demoinfocs-golang\test\cs-demos\match730_003767086549414445346_0747667044_392.dem,match730_003767086549414445346_0747667044_392.dem,-1,unknown,55351,11,Shouta,76561198084958646,Nibuz,76561199441630373,SG 553,true,false,0,10.285292,202,0.000000,0.3706,0.3706,27.0456,-0.120228,0,2,0,6,0.7521,true
F:\demoparser\demoinfocs-golang\test\cs-demos\match730_003767086549414445346_0747667044_392.dem,match730_003767086549414445346_0747667044_392.dem,-1,unknown,55567,11,ZzZAkount,76561199087862438,Zax,76561198148904733,AK-47,false,false,0,31.951881,202,0.272277,0.9667,0.2383,14.2515,-0.049188,0,8,0,5,2.0451,false
F:\demoparser\demoinfocs-golang\test\cs-demos\match730_003767086549414445346_0747667044_392.dem,match730_003767086549414445346_0747667044_392.dem,-1,unknown,55757,11,Shouta,76561198084958646,#FreeLee,76561198264607853,SG 553,true,false,0,22.040554,202,0.207921,1.6710,2.1682,121.4328,-0.952415,0,6,0,2,0.8534,true
F:\demoparser\demoinfocs-golang\test\cs-demos\match730_003767086549414445346_0747667044_392.dem,match730_003767086549414445346_0747667044_392.dem,-1,unknown,58088,11,ZzZAkount,76561199087862438,Shouta,76561198084958646,AK-47,true,false,0,7.669206,202,0.148515,3.5329,6.9005,94.8433,-0.260680,0,8,0,1,1.5999,false
F:\demoparser\demoinfocs-golang\test\cs-demos\match730_003767086549414445346_0747667044_392.dem,match730_003767086549414445346_0747667044_392.dem,-1,unknown,60852,12,#FreeLee,76561198264607853,Zax,76561198148904733,M4A1,false,false,1,22.005127,202,0.000000,4.2604,0.5543,53.3156,-0.126099,0,3,0,6,2.5323,false
F:\demoparser\demoinfocs-golang\test\cs-demos\match730_003767086549414445346_0747667044_392.dem,match730_003767086549414445346_0747667044_392.dem,-1,unknown,60918,12,Tora,76561198074972187,Nibuz,76561199441630373,AK-47,true,false,0,20.464624,202,0.000000,0.3853,0.3853,80.1234,-0.268293,0,1,0,168,2.6439,false
F:\demoparser\demoinfocs-golang\test\cs-demos\match730_003767086549414445346_0747667044_392.dem,match730_003767086549414445346_0747667044_392.dem,-1,unknown,61326,12,#FreeLee,76561198264607853,StarvinMonkey,76561197962044745,M4A1,false,false,0,16.756289,202,0.089109,5.6352,1.6376,25.4384,-0.133019,0,1,0,16,3.0982,false
F:\demoparser\demoinfocs-golang\test\cs-demos\match730_003767086549414445346_0747667044_392.dem,match730_003767086549414445346_0747667044_392.dem,-1,unknown,61575,12,#FreeLee,76561198264607853,Tora,76561198074972187,M4A1,false,false,0,22.483532,203,0.014778,1.5339,0.4711,172.7926,-0.671537,0,4,0,3,2.3278,false
F:\demoparser\demoinfocs-golang\test\cs-demos\match730_003767086549414445346_0747667044_392.dem,match730_003767086549414445346_0747667044_392.dem,-1,unknown,61588,12,#FreeLee,76561198264607853,Shouta,76561198084958646,M4A1,false,false,0,24.301723,203,0.078818,3.9728,0.9375,169.8742,-0.699804,0,0,0,-1,2.2487,false
F:\demoparser\demoinfocs-golang\test\cs-demos\match730_003767086549414445346_0747667044_392.dem,match730_003767086549414445346_0747667044_392.dem,-1,unknown,61637,12,jamba,76561198149037466,FallenAngel,76561199480229355,AK-47,true,false,0,17.533207,202,0.183168,0.5299,2.6034,95.6490,-0.528892,0,0,0,-1,2.4378,false
F:\demoparser\demoinfocs-golang\test\cs-demos\match730_003767086549414445346_0747667044_392.dem,match730_003767086549414445346_0747667044_392.dem,-1,unknown,61697,12,#FreeLee,76561198264607853,jamba,76561198149037466,M4A1,true,false,0,10.829422,202,0.000000,1.4845,0.2627,16.4527,-0.071136,0,6,0,35,2.0787,false
F:\demoparser\demoinfocs-golang\test\cs-demos\match730_003767086549414445346_0747667044_392.dem,match730_003767086549414445346_0747667044_392.dem,-1,unknown,65155,13,ZzZAkount,76561199087862438,Zax,76561198148904733,Glock-18,false,false,0,21.317186,202,0.212871,1.4571,6.5154,61.2577,-0.330773,0,10,0,5,3.2933,false
F:\demoparser\demoinfocs-golang\test\cs-demos\match730_003767086549414445346_0747667044_392.dem,match730_003767086549414445346_0747667044_392.dem,-1,unknown,65239,13,ZzZAkount,76561199087862438,Tora,76561198074972187,Glock-18,true,false,0,29.042143,202,0.158416,1.2107,0.0498,23.3909,0.002330,0,3,0,4,2.3501,false
F:\demoparser\demoinfocs-golang\test\cs-demos\match730_003767086549414445346_0747667044_392.dem,match730_003767086549414445346_0747667044_392.dem,-1,unknown,65820,13,FallenAngel,76561199480229355,StarvinMonkey,76561197962044745,Glock-18,true,false,0,12.962240,202,0.267327,1.2496,1.2550,50.0242,-0.330500,0,0,0,-1,1.8492,false
F:\demoparser\demoinfocs-golang\test\cs-demos\match730_003767086549414445346_0747667044_392.dem,match730_003767086549414445346_0747667044_392.dem,-1,unknown,65844,13,ZzZAkount,76561199087862438,Shouta,76561198084958646,USP-S,true,false,0,19.355078,202,0.034653,0.4110,1.7264,80.8886,-0.326326,0,4,0,7,2.6279,false
F:\demoparser\demoinfocs-golang\test\cs-demos\match730_003767086549414445346_0747667044_392.dem,match730_003767086549414445346_0747667044_392.dem,-1,unknown,65966,13,jamba,76561198149037466,Nibuz,76561199441630373,USP-S,true,false,0,30.961555,202,0.143564,0.4856,0.9695,16.0704,-0.047722,0,2,0,5,1.8868,false
F:\demoparser\demoinfocs-golang\test\cs-demos\match730_003767086549414445346_0747667044_392.dem,match730_003767086549414445346_0747667044_392.dem,-1,unknown,66189,13,ZzZAkount,76561199087862438,jamba,76561198149037466,USP-S,true,false,0,23.198233,202,0.282178,1.0163,0.2433,33.2629,-0.139507,0,4,0,9,2.8721,false
F:\demoparser\demoinfocs-golang\test\cs-demos\match730_003767086549414445346_0747667044_392.dem,match730_003767086549414445346_0747667044_392.dem,-1,unknown,68712,14,ZzZAkount,76561199087862438,jamba,76561198149037466,AK-47,true,false,0,29.408766,202,0.163366,0.8980,0.3842,50.4868,-0.314307,0,1,0,29,2.8564,false
F:\demoparser\demoinfocs-golang\test\cs-demos\match730_003767086549414445346_0747667044_392.dem,match730_003767086549414445346_0747667044_392.dem,-1,unknown,69153,14,Nibuz,76561199441630373,Zax,76561198148904733,Galil AR,false,false,0,10.317274,203,0.206897,5.6134,6.7896,53.0587,-0.312322,0,2,0,3,1.7964,false
F:\demoparser\demoinfocs-golang\test\cs-demos\match730_003767086549414445346_0747667044_392.dem,match730_003767086549414445346_0747667044_392.dem,-1,unknown,69552,14,Nibuz,76561199441630373,Tora,76561198074972187,Galil AR,false,false,0,13.013308,202,0.054455,3.6212,0.2313,26.2696,-0.106988,0,1,0,176,1.5910,false
F:\demoparser\demoinfocs-golang\test\cs-demos\match730_003767086549414445346_0747667044_392.dem,match730_003767086549414445346_0747667044_392.dem,-1,unknown,69577,14,#FreeLee,76561198264607853,Shouta,76561198084958646,Desert Eagle,true,false,0,29.571974,202,0.178218,0.8743,0.6585,50.6682,-0.414965,0,3,0,8,2.4376,false
F:\demoparser\demoinfocs-golang\test\cs-demos\match730_003767086549414445346_0747667044_392.dem,match730_003767086549414445346_0747667044_392.dem,-1,unknown,70758,14,#FreeLee,76561198264607853,StarvinMonkey,76561197962044745,MP5-SD,false,false,0,9.236933,202,0.311881,7.3802,3.8478,13.1676,-0.048166,0,2,0,33,2.6850,false
F:\demoparser\demoinfocs-golang\test\cs-demos\match730_003767086549414445346_0747667044_392.dem,match730_003767086549414445346_0747667044_392.dem,-1,unknown,73790,15,#FreeLee,76561198264607853,Shouta,76561198084958646,AK-47,true,false,0,22.547506,202,0.049505,0.3369,0.2296,57.3369,-0.073287,0,1,0,4,1.0499,false
F:\demoparser\demoinfocs-golang\test\cs-demos\match730_003767086549414445346_0747667044_392.dem,match730_003767086549414445346_0747667044_392.dem,-1,unknown,73974,15,drank was here lol,76561199124208816,Zax,76561198148904733,SSG 08,true,false,0,11.056341,202,0.000000,1.1056,0.8726,37.5069,-0.090406,0,0,0,-1,3.3092,true
F:\demoparser\demoinfocs-golang\test\cs-demos\match730_003767086549414445346_0747667044_392.dem,match730_003767086549414445346_0747667044_392.dem,-1,unknown,74152,15,#FreeLee,76561198264607853,jamba,76561198149037466,AK-47,false,false,0,29.634169,202,0.044554,3.1033,0.9036,37.6137,-0.093565,0,1,0,13,2.8475,false
F:\demoparser\demoinfocs-golang\test\cs-demos\match730_003767086549414445346_0747667044_392.dem,match730_003767086549414445346_0747667044_392.dem,-1,unknown,74359,15,#FreeLee,76561198264607853,StarvinMonkey,76561197962044745,AK-47,false,false,0,10.092486,202,0.430693,12.4385,2.3862,48.3924,-0.258462,0,5,0,8,2.8545,false
F:\demoparser\demoinfocs-golang\test\cs-demos\match730_003767086549414445346_0747667044_392.dem,match730_003767086549414445346_0747667044_392.dem,-1,unknown,75012,15,#FreeLee,76561198264607853,Tora,76561198074972187,Desert Eagle,true,false,0,12.814447,202,0.000000,1.1804,0.7427,20.2651,0.006280,0,0,0,-1,2.8111,false
F:\demoparser\demoinfocs-golang\test\cs-demos\match730_003767086549414445346_0747667044_392.dem,match730_003767086549414445346_0747667044_392.dem,-1,unknown,78102,16,drank was here lol,76561199124208816,Shouta,76561198084958646,SSG 08,true,false,0,29.255922,202,0.009901,0.3151,0.3520,23.0135,-0.061449,0,2,0,104,1.7651,true
F:\demoparser\demoinfocs-golang\test\cs-demos\match730_003767086549414445346_0747667044_392.dem,match730_003767086549414445346_0747667044_392.dem,-1,unknown,78321,16,Tora,76561198074972187,ZzZAkount,76561199087862438,FAMAS,true,false,0,26.450312,202,0.316832,0.7981,1.1185,14.4183,-0.037860,0,0,0,-1,2.3958,false
F:\demoparser\demoinfocs-golang\test\cs-demos\match730_003767086549414445346_0747667044_392.dem,match730_003767086549414445346_0747667044_392.dem,-1,unknown,78401,16,FallenAngel,76561199480229355,jamba,76561198149037466,AK-47,true,false,0,12.162846,202,0.183168,0.3558,1.7158,35.9370,-0.006798,0,1,0,9,3.7130,false
F:\demoparser\demoinfocs-golang\test\cs-demos\match730_003767086549414445346_0747667044_392.dem,match730_003767086549414445346_0747667044_392.dem,-1,unknown,78549,16,FallenAngel,76561199480229355,Zax,76561198148904733,AK-47,false,false,0,13.650536,202,0.440594,5.8533,1.6836,17.0844,0.011920,0,1,0,16,1.7099,false
F:\demoparser\demoinfocs-golang\test\cs-demos\match730_003767086549414445346_0747667044_392.dem,match730_003767086549414445346_0747667044_392.dem,-1,unknown,78678,16,drank was here lol,76561199124208816,StarvinMonkey,76561197962044745,Zeus x27,false,false,0,1.658069,202,0.000000,11.0844,1.5809,53.5709,-0.270724,0,0,0,-1,1.7679,false
F:\demoparser\demoinfocs-golang\test\cs-demos\match730_003767086549414445346_0747667044_392.dem,match730_003767086549414445346_0747667044_392.dem,-1,unknown,78812,16,Tora,76561198074972187,Nibuz,76561199441630373,FAMAS,false,false,0,17.514076,202,0.430693,3.8251,0.7359,13.5039,-0.020856,0,1,0,4,1.4924,false
F:\demoparser\demoinfocs-golang\test\cs-demos\match730_003767086549414445346_0747667044_392.dem,match730_003767086549414445346_0747667044_392.dem,-1,unknown,79433,16,Tora,76561198074972187,FallenAngel,76561199480229355,FAMAS,true,false,0,16.802376,202,0.247525,5.0714,0.4003,70.5383,-0.181325,0,6,0,3,1.4553,false
F:\demoparser\demoinfocs-golang\test\cs-demos\match730_003767086549414445346_0747667044_392.dem,match730_003767086549414445346_0747667044_392.dem,-1,unknown,79861,16,#FreeLee,76561198264607853,Tora,76561198074972187,AK-47,false,false,0,31.076054,202,0.396040,0.9571,0.3391,11.2453,0.032442,0,16,0,8,1.8210,false
